"incident_date","incident_datetime","analysis_neighborhood","incident_category","incident_category","resolution","police_district","incident_description","incident_number"
"2023-01-20 00:00:00","2023-01-20 00:00:00","Tenderloin","Weapons Offense","Weapons Offense","Open or Active","Tenderloin","Weapon, Deadly, Imitation or Laser Scope, Exhibiting","230045383"
"2023-01-20 00:00:00","2023-01-20 00:03:00","Mission","Other Miscellaneous","Other Miscellaneous","Open or Active","Southern","Defrauding Of Vehicle Repairman","230045872"
"2023-01-20 00:00:00","2023-01-20 00:03:00","Mission","Motor Vehicle Theft","Motor Vehicle Theft","Open or Active","Southern","Vehicle, Stolen, Auto","230045872"
"2023-01-20 00:00:00","2023-01-20 00:03:00","Mission","Burglary","Burglary","Open or Active","Southern","Burglary, Other Bldg., Forcible Entry","230045872"
"2023-01-20 00:00:00","2023-01-20 00:05:00","Inner Sunset","Non-Criminal","Non-Criminal","Open or Active","Taraval","Mental Health Detention","230045139"
"2023-01-20 00:00:00","2023-01-20 00:05:00","Bayview Hunters Point","Missing Person","Missing Person","Open or Active","Bayview","Found Person","230042533"
"2023-01-20 00:00:00","2023-01-20 00:10:00","Tenderloin","Robbery","Robbery","Open or Active","Tenderloin","Robbery, Street or Public Place, W/ Force","230045167"
"2023-01-20 00:00:00","2023-01-20 00:20:00","Marina","Assault","Assault","Open or Active","Northern","Assault, Aggravated, W/ Force","230045151"
"2023-01-20 00:00:00","2023-01-20 00:24:00","Bayview Hunters Point","Robbery","Robbery","Open or Active","Bayview","Robbery, W/ Force","230018675"
"2023-01-20 00:00:00","2023-01-20 00:32:00","Tenderloin","Other Miscellaneous","Other Miscellaneous","Open or Active","Tenderloin","Unusual Occurrence","230045214"
"2023-01-20 00:00:00","2023-01-20 01:00:00","Excelsior","Motor Vehicle Theft","Motor Vehicle Theft","Open or Active","Ingleside","Vehicle, Stolen, Truck","230046933"
"2023-01-20 00:00:00","2023-01-20 01:30:00","Seacliff","Other","Other","Open or Active","Richmond","Death Report, Cause Unknown","230045587"
"2023-01-20 00:00:00","2023-01-20 01:33:00","Tenderloin","Other","Other","Open or Active","Northern","Death Report, Cause Unknown","230045242"
"2023-01-20 00:00:00","2023-01-20 01:46:00","South of Market","Traffic Violation Arrest","Traffic Violation Arrest","Open or Active","Tenderloin","Traffic Violation Arrest","230045305"
"2023-01-20 00:00:00","2023-01-20 01:46:00","South of Market","Other Miscellaneous","Other Miscellaneous","Open or Active","Tenderloin","Investigative Detention","230045305"
"2023-01-20 00:00:00","2023-01-20 01:47:00","Bayview Hunters Point","Disorderly Conduct","Disorderly Conduct","Cite or Arrest Adult","Bayview","Terrorist Threats","230045236"
"2023-01-20 00:00:00","2023-01-20 01:51:00","Pacific Heights","Malicious Mischief","Malicious Mischief","Open or Active","Northern","Malicious Mischief, Vandalism to Vehicle","230045264"
"2023-01-20 00:00:00","2023-01-20 02:00:00","Chinatown","Non-Criminal","Non-Criminal","Open or Active","Central","Found  Property","230045292"
"2023-01-20 00:00:00","2023-01-20 02:05:00","Bayview Hunters Point","Offences Against The Family And Children","Offences Against The Family And Children","Cite or Arrest Adult","Bayview","Violation of Emergency Protective Order","230045258"
"2023-01-20 00:00:00","2023-01-20 03:27:00","South of Market","Burglary","Burglary","Open or Active","Tenderloin","Burglary, Other Bldg., Forcible Entry","230045327"
"2023-01-20 00:00:00","2023-01-20 03:45:00","Mission","Burglary","Burglary","Open or Active","Mission","Burglary, Store, Att. Forcible Entry","230045311"
"2023-01-20 00:00:00","2023-01-20 04:00:00","West of Twin Peaks","Malicious Mischief","Malicious Mischief","Open or Active","Ingleside","Malicious Mischief, Breaking Windows","230045361"
"2023-01-20 00:00:00","2023-01-20 04:11:00","Castro/Upper Market","Burglary","Burglary","Open or Active","Park","Burglary, Other Bldg., Unlawful Entry","230045349"
"2023-01-20 00:00:00","2023-01-20 04:30:00","South of Market","Other Offenses","Other Offenses","Open or Active","Southern","License Plate, Found","230045515"
"2023-01-20 00:00:00","2023-01-20 04:50:00","Tenderloin","Other Miscellaneous","Other Miscellaneous","Cite or Arrest Adult","Northern","Trespassing","230045377"
"2023-01-20 00:00:00","2023-01-20 05:00:00","Bernal Heights","Larceny Theft","Larceny Theft","Open or Active","Ingleside","License Plate, Stolen","230049711"
"2023-01-20 00:00:00","2023-01-20 05:00:00","Mission","Larceny Theft","Larceny Theft","Open or Active","Southern","License Plate, Stolen","230048600"
"2023-01-20 00:00:00","2023-01-20 05:49:00","Castro/Upper Market","Non-Criminal","Non-Criminal","Open or Active","Mission","Found  Property","230045402"
"2023-01-20 00:00:00","2023-01-20 06:00:00","Nob Hill","Larceny Theft","Larceny Theft","Open or Active","Tenderloin","License Plate, Stolen","230045430"
"2023-01-20 00:00:00","2023-01-20 06:06:00","Tenderloin","Warrant","Warrant","Cite or Arrest Adult","Tenderloin","Warrant Arrest, Local SF Warrant","210365327"
"2023-01-20 00:00:00","2023-01-20 06:30:00","Marina","Malicious Mischief","Malicious Mischief","Open or Active","Northern","Malicious Mischief, Breaking Windows","230045418"
"2023-01-20 00:00:00","2023-01-20 06:30:00","Marina","Malicious Mischief","Malicious Mischief","Open or Active","Northern","Malicious Mischief, Vandalism to Property","230045418"
"2023-01-20 00:00:00","2023-01-20 07:00:00","Tenderloin","Suspicious Occ","Suspicious Occ","Open or Active","Northern","Suspicious Occurrence","230048729"
"2023-01-20 00:00:00","2023-01-20 07:43:00","Visitacion Valley","Weapons Offense","Weapons Offense","Cite or Arrest Adult","Ingleside","Weapon, Deadly, Imitation or Laser Scope, Exhibiting","230045480"
"2023-01-20 00:00:00","2023-01-20 07:43:00","Visitacion Valley","Other Miscellaneous","Other Miscellaneous","Cite or Arrest Adult","Ingleside","Resisting, Delaying, or Obstructing  Peace Officer Duties","230045480"
"2023-01-20 00:00:00","2023-01-20 07:43:00","Visitacion Valley","Disorderly Conduct","Disorderly Conduct","Cite or Arrest Adult","Ingleside","Terrorist Threats","230045480"
"2023-01-20 00:00:00","2023-01-20 08:15:00","Glen Park","Motor Vehicle Theft","Motor Vehicle Theft","Open or Active","Ingleside","Vehicle, Stolen & Recovered","230045963"
"2023-01-20 00:00:00","2023-01-20 08:50:00","Tenderloin","Other Miscellaneous","Other Miscellaneous","Open or Active","Tenderloin","Investigative Detention","230045565"
"2023-01-20 00:00:00","2023-01-20 09:06:00","Bayview Hunters Point","Assault","Assault","Open or Active","Bayview","Assault, Aggravated, W/ Other Weapon","230045606"
"2023-01-20 00:00:00","2023-01-20 09:20:00","Chinatown","Other Miscellaneous","Other Miscellaneous","Open or Active","Central","Trespassing","230045747"
"2023-01-20 00:00:00","2023-01-20 09:20:00","Chinatown","Assault","Assault","Open or Active","Central","Battery","230045747"
"2023-01-20 00:00:00","2023-01-20 09:27:00","Financial District/South Beach","Other Miscellaneous","Other Miscellaneous","Cite or Arrest Adult","Central","Trespassing","230045640"
"2023-01-20 00:00:00","2023-01-20 09:30:00","Outer Mission","Fraud","Fraud","Open or Active","Ingleside","False Personation to Receive Money or Property","230048531"
"2023-01-20 00:00:00","2023-01-20 09:40:00","Bayview Hunters Point","Larceny Theft","Larceny Theft","Open or Active","Central","Theft, From Locked Vehicle, >$950","230046052"
"2023-01-20 00:00:00","2023-01-20 09:50:00","Bernal Heights","Suicide","Suicide","Open or Active","Ingleside","Suicide By Strangulation/Hanging","230045690"
"2023-01-20 00:00:00","2023-01-20 10:00:00","Excelsior","Malicious Mischief","Malicious Mischief","Open or Active","Ingleside","Malicious Mischief, Vandalism to Vehicle","230045941"
"2023-01-20 00:00:00","2023-01-20 10:06:00","Tenderloin","Arson","Arson","Open or Active","Northern","Arson, Inhabited Dwelling","230045888"
"2023-01-20 00:00:00","2023-01-20 10:08:00","Tenderloin","Warrant","Warrant","Cite or Arrest Adult","Tenderloin","Warrant Arrest, Enroute To Outside Jurisdiction","230045684"
"2023-01-20 00:00:00","2023-01-20 10:08:00","Tenderloin","Warrant","Warrant","Cite or Arrest Adult","Tenderloin","Warrant Arrest, Local SF Warrant","230045684"
"2023-01-20 00:00:00","2023-01-20 10:10:00","Tenderloin","Assault","Assault","Open or Active","Tenderloin","Battery","230045769"
"2023-01-20 00:00:00","2023-01-20 10:11:00","North Beach","Larceny Theft","Larceny Theft","Open or Active","Central","Theft, From Locked Vehicle, >$950","230045753"
"2023-01-20 00:00:00","2023-01-20 10:15:00","Mission Bay","Miscellaneous Investigation","Miscellaneous Investigation","Open or Active","Southern","Miscellaneous Investigation","230045719"
"2023-01-20 00:00:00","2023-01-20 10:15:00","North Beach","Larceny Theft","Larceny Theft","Open or Active","Central","Theft, From Locked Vehicle, >$950","230045894"
"2023-01-20 00:00:00","2023-01-20 10:30:00","Bayview Hunters Point","Larceny Theft","Larceny Theft","Open or Active","Bayview","License Plate, Stolen","230047602"
"2023-01-20 00:00:00","2023-01-20 10:40:00","Western Addition","Non-Criminal","Non-Criminal","Open or Active","Northern","Mental Health Detention","230045866"
"2023-01-20 00:00:00","2023-01-20 10:40:00","Noe Valley","Recovered Vehicle","Recovered Vehicle","Open or Active","Ingleside","Vehicle, Recovered, Motorcycle","220740236"
"2023-01-20 00:00:00","2023-01-20 10:50:00","Western Addition","Offences Against The Family And Children","Offences Against The Family And Children","Cite or Arrest Adult","Northern","Violation of Restraining Order","220835398"
"2023-01-20 00:00:00","2023-01-20 10:50:00","Western Addition","Other Miscellaneous","Other Miscellaneous","Cite or Arrest Adult","Northern","Trespassing","220835398"
"2023-01-20 00:00:00","2023-01-20 11:00:00","Mission","Fraud","Fraud","Open or Active","Mission","Computer System, Accessing, Copying, or Damaging","230048412"
"2023-01-20 00:00:00","2023-01-20 11:00:00","Mission","Fraud","Fraud","Open or Active","Mission","Fraudulent Game or Trick, Obtaining Money or Property","230048412"
"2023-01-20 00:00:00","2023-01-20 11:00:00","Bayview Hunters Point","Non-Criminal","Non-Criminal","Unfounded","Bayview","Found  Property","230048462"
"2023-01-20 00:00:00","2023-01-20 11:05:00","Sunset/Parkside","Larceny Theft","Larceny Theft","Open or Active","Taraval","Theft, Shoplifting, >$950","230046256"
"2023-01-20 00:00:00","2023-01-20 11:20:00","Hayes Valley","Larceny Theft","Larceny Theft","Open or Active","Northern","Theft, From Locked Vehicle, $200-$950","230046074"
"2023-01-20 00:00:00","2023-01-20 11:25:00","Excelsior","Larceny Theft","Larceny Theft","Open or Active","Ingleside","Theft, From Locked Vehicle, $200-$950","230046864"
"2023-01-20 00:00:00","2023-01-20 11:25:00","Sunset/Parkside","Larceny Theft","Larceny Theft","Open or Active","Taraval","Theft, Shoplifting, >$950","230046002"
"2023-01-20 00:00:00","2023-01-20 11:30:00","Haight Ashbury","Larceny Theft","Larceny Theft","Open or Active","Park","Theft, From Locked Vehicle, >$950","230046109"
"2023-01-20 00:00:00","2023-01-20 11:30:00","Inner Sunset","Larceny Theft","Larceny Theft","Open or Active","Park","Theft, From Locked Vehicle, >$950","230046494"
"2023-01-20 00:00:00","2023-01-20 11:30:00","Golden Gate Park","Larceny Theft","Larceny Theft","Open or Active","Park","Theft, From Locked Vehicle, >$950","230046610"
"2023-01-20 00:00:00","2023-01-20 11:30:00","Haight Ashbury","Robbery","Robbery","Open or Active","Park","Robbery, W/ Force","230046109"
"2023-01-20 00:00:00","2023-01-20 11:30:00","North Beach","Larceny Theft","Larceny Theft","Open or Active","Central","Theft, From Locked Vehicle, >$950","230046353"
"2023-01-20 00:00:00","2023-01-20 11:30:00","West of Twin Peaks","Larceny Theft","Larceny Theft","Open or Active","Taraval","Theft, From Locked Vehicle, >$950","236012356"
"2023-01-20 00:00:00","2023-01-20 11:40:00","Bayview Hunters Point","Larceny Theft","Larceny Theft","Open or Active","Bayview","Theft, From Locked Vehicle, $50-$200","230046024"
"2023-01-20 00:00:00","2023-01-20 11:44:00","Financial District/South Beach","Larceny Theft","Larceny Theft","Cite or Arrest Adult","Central","Theft, Shoplifting, $50-$200","230046579"
"2023-01-20 00:00:00","2023-01-20 11:52:00","Mission","Other Miscellaneous","Other Miscellaneous","Cite or Arrest Adult","Mission","Probation Violation","230046228"
"2023-01-20 00:00:00","2023-01-20 11:52:00","Mission","Burglary","Burglary","Cite or Arrest Adult","Mission","Burglary, Other Bldg., Unlawful Entry","230046228"
"2023-01-20 00:00:00","2023-01-20 12:00:00","Financial District/South Beach","Case Closure","Case Closure","Unfounded","Central","Case Closure","230046632"
"2023-01-20 00:00:00","2023-01-20 12:00:00","Financial District/South Beach","Non-Criminal","Non-Criminal","Unfounded","Central","Found  Property","230046632"
"2023-01-20 00:00:00","2023-01-20 12:01:00","Hayes Valley","Larceny Theft","Larceny Theft","Open or Active","Northern","Theft, From Locked Vehicle, >$950","230046290"
"2023-01-20 00:00:00","2023-01-20 12:17:00","Western Addition","Drug Offense","Drug Offense","Cite or Arrest Adult","Northern","Methamphetamine, Possession For Sale","230046096"
"2023-01-20 00:00:00","2023-01-20 12:17:00","Western Addition","Non-Criminal","Non-Criminal","Cite or Arrest Adult","Northern","Search Warrant Service","230046096"
"2023-01-20 00:00:00","2023-01-20 12:17:00","Mission","Assault","Assault","Open or Active","Mission","Battery","230046171"
"2023-01-20 00:00:00","2023-01-20 12:17:00","Western Addition","Drug Offense","Drug Offense","Cite or Arrest Adult","Northern","Opiates, Possession For Sale","230046096"
"2023-01-20 00:00:00","2023-01-20 12:18:00","South of Market","Drug Offense","Drug Offense","Cite or Arrest Adult","Southern","Opiates, Possession For Sale","230046143"
"2023-01-20 00:00:00","2023-01-20 12:18:00","South of Market","Non-Criminal","Non-Criminal","Cite or Arrest Adult","Southern","Stay Away or Court Order, Non-DV Related","230046143"
"2023-01-20 00:00:00","2023-01-20 12:18:00","South of Market","Drug Offense","Drug Offense","Cite or Arrest Adult","Southern","Cocaine, Base/rock, Possession For Sale","230046143"
"2023-01-20 00:00:00","2023-01-20 12:19:00","Golden Gate Park","Other Offenses","Other Offenses","Open or Active","Taraval","License Plate, Recovered","230046080"
"2023-01-20 00:00:00","2023-01-20 12:30:00","Golden Gate Park","Robbery","Robbery","Open or Active","Richmond","Robbery, W/ Gun","230046955"
"2023-01-20 00:00:00","2023-01-20 12:30:00","Golden Gate Park","Larceny Theft","Larceny Theft","Open or Active","Richmond","Theft, From Unlocked Vehicle, >$950","230046955"
"2023-01-20 00:00:00","2023-01-20 12:31:00","Bernal Heights","Malicious Mischief","Malicious Mischief","Open or Active","Ingleside","Phone Calls, Harassing","230046660"
"2023-01-20 00:00:00","2023-01-20 13:00:00","Mission","Larceny Theft","Larceny Theft","Cite or Arrest Adult","Mission","Burglary, Vehicle (Arrest made)","230046814"
"2023-01-20 00:00:00","2023-01-20 13:00:00","Mission","Weapons Carrying Etc","Weapons Carrying Etc","Cite or Arrest Adult","Mission","Firearm, Loaded, in Vehicle, Possession or Use","230046814"
"2023-01-20 00:00:00","2023-01-20 13:00:00","Mission","Weapons Carrying Etc","Weapons Carrying Etc","Cite or Arrest Adult","Mission","Firearm, Possession By Prohibited Person","230046814"
"2023-01-20 00:00:00","2023-01-20 13:00:00","Mission","Larceny Theft","Larceny Theft","Open or Active","Mission","Theft, From Locked Vehicle, >$950","230046604"
"2023-01-20 00:00:00","2023-01-20 13:00:00","Mission","Larceny Theft","Larceny Theft","Open or Active","Mission","Theft, From Locked Vehicle, >$950","230046604"
"2023-01-20 00:00:00","2023-01-20 13:00:00","Mission Bay","Burglary","Burglary","Open or Active","Southern","Burglary, Other Bldg., Unlawful Entry","230046400"
"2023-01-20 00:00:00","2023-01-20 13:10:00","Russian Hill","Larceny Theft","Larceny Theft","Open or Active","Central","Theft, From Locked Vehicle, >$950","230046585"
"2023-01-20 00:00:00","2023-01-20 13:20:00","Russian Hill","Non-Criminal","Non-Criminal","Open or Active","Central","Found  Property","230048280"
"2023-01-20 00:00:00","2023-01-20 13:26:00","Hayes Valley","Recovered Vehicle","Recovered Vehicle","Open or Active","Park","Vehicle, Recovered, Auto","230043058"
"2023-01-20 00:00:00","2023-01-20 13:26:00","Nob Hill","Non-Criminal","Non-Criminal","Open or Active","Central","Mental Health Detention","230046397"
"2023-01-20 00:00:00","2023-01-20 13:34:00","Tenderloin","Non-Criminal","Non-Criminal","Open or Active","Tenderloin","Mental Health Detention","230046347"
"2023-01-20 00:00:00","2023-01-20 13:50:00","Pacific Heights","Other","Other","Open or Active","Northern","Death Report, Cause Unknown","230046557"
"2023-01-20 00:00:00","2023-01-20 14:00:00","Financial District/South Beach","Larceny Theft","Larceny Theft","Open or Active","Southern","Theft, Pickpocket, $200-$950","230049363"
"2023-01-20 00:00:00","2023-01-20 14:26:00","Noe Valley","Drug Offense","Drug Offense","Open or Active","Ingleside","Methamphetamine Offense","230046927"
"2023-01-20 00:00:00","2023-01-20 14:26:00","Noe Valley","Stolen Property","Stolen Property","Open or Active","Ingleside","Stolen Property, Possession with Knowledge, Receiving","230046927"
"2023-01-20 00:00:00","2023-01-20 14:26:00","Noe Valley","Weapons Carrying Etc","Weapons Carrying Etc","Open or Active","Ingleside","Firearm, Possession of Loaded","230046927"
"2023-01-20 00:00:00","2023-01-20 14:43:00","Tenderloin","Drug Offense","Drug Offense","Cite or Arrest Adult","Tenderloin","Controlled Substance, Possession For Sale","230046723"
"2023-01-20 00:00:00","2023-01-20 14:43:00","Tenderloin","Drug Violation","Drug Violation","Cite or Arrest Adult","Tenderloin","Firearm, Armed While Possessing Controlled Substance","230046723"
"2023-01-20 00:00:00","2023-01-20 14:43:00","Tenderloin","Weapons Carrying Etc","Weapons Carrying Etc","Cite or Arrest Adult","Tenderloin","Firearm, Possession of Loaded","230046723"
"2023-01-20 00:00:00","2023-01-20 14:47:00","Western Addition","Other Miscellaneous","Other Miscellaneous","Open or Active","Northern","Evading a Police Officer Recklessly","230046513"
"2023-01-20 00:00:00","2023-01-20 14:48:00","Chinatown","Non-Criminal","Non-Criminal","Open or Active","Central","Aided Case","230046529"
"2023-01-20 00:00:00","2023-01-20 14:48:00","Chinatown","Offences Against The Family And Children","Offences Against The Family And Children","Open or Active","Central","Domestic Violence (secondary only)","230046529"
"2023-01-20 00:00:00","2023-01-20 15:00:00","Mission","Disorderly Conduct","Disorderly Conduct","Cite or Arrest Adult","Mission","Alcohol, Under Influence Of In Public Place","230047135"
"2023-01-20 00:00:00","2023-01-20 15:00:00","Outer Mission","Motor Vehicle Theft","Motor Vehicle Theft","Open or Active","Ingleside","Vehicle, Stolen, Auto","230048008"
"2023-01-20 00:00:00","2023-01-20 15:00:00","Mission","Larceny Theft","Larceny Theft","Open or Active","Mission","Theft, From Person, >$950 (other than Pickpocket)","230046717"
"2023-01-20 00:00:00","2023-01-20 15:20:00","Bayview Hunters Point","Assault","Assault","Open or Active","Bayview","Assault, Aggravated, W/ Gun","230046654"
"2023-01-20 00:00:00","2023-01-20 15:20:00","Bayview Hunters Point","Assault","Assault","Open or Active","Bayview","Firearm, Discharging At An Inhabited Dwelling","230046654"
"2023-01-20 00:00:00","2023-01-20 15:30:00","Visitacion Valley","Fire Report","Fire Report","Open or Active","Ingleside","Fire Report","230046905"
"2023-01-20 00:00:00","2023-01-20 15:37:00","Financial District/South Beach","Suspicious Occ","Suspicious Occ","Open or Active","Central","Suspicious Occurrence","230046820"
"2023-01-20 00:00:00","2023-01-20 15:44:00","Tenderloin","Suspicious Occ","Suspicious Occ","Open or Active","Tenderloin","Suspicious Occurrence","210555744"
"2023-01-20 00:00:00","2023-01-20 15:44:00","Tenderloin","Assault","Assault","Open or Active","Tenderloin","Battery","210555744"
"2023-01-20 00:00:00","2023-01-20 15:45:00","Tenderloin","Drug Offense","Drug Offense","Open or Active","Tenderloin","Controlled Substance, Possession For Sale","230046795"
"2023-01-20 00:00:00","2023-01-20 15:45:00","Tenderloin","Drug Offense","Drug Offense","Open or Active","Tenderloin","Methamphetamine, Possession For Sale","230046795"
"2023-01-20 00:00:00","2023-01-20 15:45:00","Tenderloin","Drug Offense","Drug Offense","Open or Active","Tenderloin","Cocaine, Possession For Sale","230046795"
"2023-01-20 00:00:00","2023-01-20 16:00:00","Tenderloin","Suspicious Occ","Suspicious Occ","Open or Active","Central","Suspicious Occurrence","230048086"
"2023-01-20 00:00:00","2023-01-20 16:00:00","Potrero Hill","Motor Vehicle Theft","Motor Vehicle Theft","Open or Active","Bayview","Vehicle, Stolen & Recovered","230049244"
"2023-01-20 00:00:00","2023-01-20 16:00:00","Visitacion Valley","Non-Criminal","Non-Criminal","Open or Active","Ingleside","Aided Case","230047000"
"2023-01-20 00:00:00","2023-01-20 16:10:00","Financial District/South Beach","Larceny Theft","Larceny Theft","Open or Active","Central","Theft, Shoplifting, >$950","230047141"
"2023-01-20 00:00:00","2023-01-20 16:22:00","Bayview Hunters Point","Recovered Vehicle","Recovered Vehicle","Open or Active","Bayview","Vehicle, Recovered, Auto","230046911"
"2023-01-20 00:00:00","2023-01-20 16:30:00","Mission","Missing Person","Missing Person","Open or Active","Mission","Missing Adult","230047129"
"2023-01-20 00:00:00","2023-01-20 16:33:00","Outer Richmond","Non-Criminal","Non-Criminal","Open or Active","Richmond","Aided Case, Injured or Sick Person","230047022"
"2023-01-20 00:00:00","2023-01-20 16:40:00","Lakeshore","Larceny Theft","Larceny Theft","Open or Active","Taraval","Theft, Other Property, $200-$950","230049012"
"2023-01-20 00:00:00","2023-01-20 16:45:00","Tenderloin","Drug Offense","Drug Offense","Open or Active","Northern","Opiates, Possession For Sale","230046892"
"2023-01-20 00:00:00","2023-01-20 16:45:00","Tenderloin","Drug Offense","Drug Offense","Open or Active","Northern","Methamphetamine, Possession For Sale","230046892"
"2023-01-20 00:00:00","2023-01-20 16:45:00","Tenderloin","Drug Offense","Drug Offense","Open or Active","Northern","Heroin, Possession For Sale","230046892"
"2023-01-20 00:00:00","2023-01-20 16:50:00","Potrero Hill","Larceny Theft","Larceny Theft","Open or Active","Bayview","Theft, From Unlocked Vehicle, >$950","230047044"
"2023-01-20 00:00:00","2023-01-20 16:50:00","Potrero Hill","Other Miscellaneous","Other Miscellaneous","Open or Active","Bayview","Dissuading Witness, Victim","230047044"
"2023-01-20 00:00:00","2023-01-20 16:50:00","Potrero Hill","Robbery","Robbery","Open or Active","Bayview","Robbery, W/ Force","230047044"
"2023-01-20 00:00:00","2023-01-20 17:00:00","Haight Ashbury","Lost Property","Lost Property","Open or Active","Park","Lost Property","230049238"
"2023-01-20 00:00:00","2023-01-20 17:00:00","Haight Ashbury","Fraud","Fraud","Open or Active","Park","Access Card, incl. Credit, Phone, ATM, Fraudulent Use of","230049238"
"2023-01-20 00:00:00","2023-01-20 17:00:00","Tenderloin","Missing Person","Missing Person","Open or Active","Tenderloin","Missing Adult","230049153"
"2023-01-20 00:00:00","2023-01-20 17:00:00","Western Addition","Motor Vehicle Theft","Motor Vehicle Theft","Open or Active","Northern","Vehicle, Stolen, Auto","230048688"
"2023-01-20 00:00:00","2023-01-20 17:00:00","Inner Sunset","Larceny Theft","Larceny Theft","Open or Active","Taraval","Theft, Other Property, $50-$200","236012340"
"2023-01-20 00:00:00","2023-01-20 17:00:00","Tenderloin","Suspicious Occ","Suspicious Occ","Open or Active","Tenderloin","Suspicious Occurrence","230047254"
"2023-01-20 00:00:00","2023-01-20 17:00:00","South of Market","Warrant","Warrant","Cite or Arrest Adult","Southern","Warrant Arrest, Enroute To Outside Jurisdiction","230047232"
"2023-01-20 00:00:00","2023-01-20 17:20:00","Hayes Valley","Suspicious Occ","Suspicious Occ","Open or Active","Northern","Suspicious Occurrence","230048876"
"2023-01-20 00:00:00","2023-01-20 17:30:00","Golden Gate Park","Non-Criminal","Non-Criminal","Open or Active","Taraval","Found  Property","230047549"
"2023-01-20 00:00:00","2023-01-20 17:39:00","Noe Valley","Non-Criminal","Non-Criminal","Open or Active","Mission","Mental Health Detention","230047107"
"2023-01-20 00:00:00","2023-01-20 17:41:00","Mission","Other Offenses","Other Offenses","Open or Active","Mission","License Plate, Recovered","220383870"
"2023-01-20 00:00:00","2023-01-20 17:56:00","Western Addition","Non-Criminal","Non-Criminal","Open or Active","Northern","Stay Away or Court Order, Non-DV Related","230047179"
"2023-01-20 00:00:00","2023-01-20 18:00:00","Noe Valley","Motor Vehicle Theft","Motor Vehicle Theft","Cite or Arrest Adult","Ingleside","Vehicle, Stolen & Recovered","230046927"
"2023-01-20 00:00:00","2023-01-20 18:00:00","Noe Valley","Other Offenses","Other Offenses","Cite or Arrest Adult","Ingleside","License Plate, Recovered","230038827"
"2023-01-20 00:00:00","2023-01-20 18:00:00","Bernal Heights","Larceny Theft","Larceny Theft","Open or Active","Ingleside","License Plate, Stolen","230048804"
"2023-01-20 00:00:00","2023-01-20 18:17:00","Japantown","Non-Criminal","Non-Criminal","Open or Active","Northern","Mental Health Detention","230047210"
"2023-01-20 00:00:00","2023-01-20 19:00:00","Excelsior","Motor Vehicle Theft","Motor Vehicle Theft","Open or Active","Ingleside","Vehicle, Stolen, Auto","230048387"
"2023-01-20 00:00:00","2023-01-20 19:00:00","Western Addition","Larceny Theft","Larceny Theft","Open or Active","Northern","Theft, From Locked Vehicle, >$950","230048434"
"2023-01-20 00:00:00","2023-01-20 19:00:00","Bayview Hunters Point","Motor Vehicle Theft","Motor Vehicle Theft","Open or Active","Bayview","Vehicle, Stolen, Motorcycle","230048848"
"2023-01-20 00:00:00","2023-01-20 19:04:00","Marina","Missing Person","Missing Person","Open or Active","Northern","Found Person","230035958"
"2023-01-20 00:00:00","2023-01-20 19:08:00","Tenderloin","Drug Offense","Drug Offense","Cite or Arrest Adult","Northern","Narcotics Paraphernalia, Possession of","230047367"
"2023-01-20 00:00:00","2023-01-20 19:08:00","Tenderloin","Other Miscellaneous","Other Miscellaneous","Cite or Arrest Adult","Northern","Identification To Peace Officer, False","230047367"
"2023-01-20 00:00:00","2023-01-20 19:08:00","Tenderloin","Other Miscellaneous","Other Miscellaneous","Cite or Arrest Adult","Northern","Resisting, Delaying, or Obstructing  Peace Officer Duties","230047367"
"2023-01-20 00:00:00","2023-01-20 19:13:00","Lone Mountain/USF","Larceny Theft","Larceny Theft","Open or Active","Park","Theft, Shoplifting, >$950","230047317"
"2023-01-20 00:00:00","2023-01-20 19:15:00","North Beach","Non-Criminal","Non-Criminal","Open or Active","Central","Found  Property","230047533"
"2023-01-20 00:00:00","2023-01-20 19:30:00","Nob Hill","Suspicious Occ","Suspicious Occ","Open or Active","Central","Suspicious Occurrence","230047395"
"2023-01-20 00:00:00","2023-01-20 19:30:00","Nob Hill","Disorderly Conduct","Disorderly Conduct","Open or Active","Central","Phone Calls, Threatening","230047395"
"2023-01-20 00:00:00","2023-01-20 19:33:00","South of Market","Burglary","Burglary","Open or Active","Southern","Burglary, Apartment House, Forcible Entry","230047420"
"2023-01-20 00:00:00","2023-01-20 19:45:00","Tenderloin","Burglary","Burglary","Open or Active","Northern","Burglary, Hot Prowl, Forcible Entry","230047414"
"2023-01-20 00:00:00","2023-01-20 19:49:00","North Beach","Larceny Theft","Larceny Theft","Open or Active","Central","Theft, From Locked Vehicle, >$950","230047339"
"2023-01-20 00:00:00","2023-01-20 19:51:00","South of Market","Other Miscellaneous","Other Miscellaneous","Open or Active","Southern","Investigative Detention","230047298"
"2023-01-20 00:00:00","2023-01-20 19:53:00","Mission Bay","Non-Criminal","Non-Criminal","Open or Active","Southern","Mental Health Detention","230047345"
"2023-01-20 00:00:00","2023-01-20 19:57:00","Western Addition","Burglary","Burglary","Open or Active","Northern","Burglary, Other Bldg., Unlawful Entry","230047652"
"2023-01-20 00:00:00","2023-01-20 20:10:00","Sunset/Parkside","Malicious Mischief","Malicious Mischief","Open or Active","Taraval","Malicious Mischief, Breaking Windows","230047351"
"2023-01-20 00:00:00","2023-01-20 20:10:00","Sunset/Parkside","Other Miscellaneous","Other Miscellaneous","Open or Active","Taraval","Investigative Detention","230047351"
"2023-01-20 00:00:00","2023-01-20 20:19:00","Excelsior","Malicious Mischief","Malicious Mischief","Open or Active","Ingleside","Electrical  or Gas Lines, Interfering with","230047458"
"2023-01-20 00:00:00","2023-01-20 20:34:00","Mission","Other Miscellaneous","Other Miscellaneous","Cite or Arrest Adult","Mission","Resisting, Delaying, or Obstructing  Peace Officer Duties","230047408"
"2023-01-20 00:00:00","2023-01-20 20:34:00","Mission","Weapons Carrying Etc","Weapons Carrying Etc","Cite or Arrest Adult","Mission","Firearm, Possession of Loaded","230047408"
"2023-01-20 00:00:00","2023-01-20 20:34:00","Mission","Weapons Carrying Etc","Weapons Carrying Etc","Cite or Arrest Adult","Mission","Firearm, Possession By Prohibited Person","230047408"
"2023-01-20 00:00:00","2023-01-20 20:36:00","South of Market","Non-Criminal","Non-Criminal","Open or Active","Tenderloin","Aided Case","230047389"
"2023-01-20 00:00:00","2023-01-20 20:45:00","Tenderloin","Assault","Assault","Open or Active","Tenderloin","Battery","230047787"
"2023-01-20 00:00:00","2023-01-20 20:50:00","Inner Richmond","Robbery","Robbery","Open or Active","Richmond","Shoplifting, Force against Agent","230047486"
"2023-01-20 00:00:00","2023-01-20 21:00:00","Bayview Hunters Point","Motor Vehicle Theft","Motor Vehicle Theft","Open or Active","Bayview","Vehicle, Stolen, Auto","230048597"
"2023-01-20 00:00:00","2023-01-20 21:00:00","North Beach","Larceny Theft","Larceny Theft","Open or Active","Central","Theft, From Locked Vehicle, >$950","230047527"
"2023-01-20 00:00:00","2023-01-20 21:07:00","Nob Hill","Offences Against The Family And Children","Offences Against The Family And Children","Open or Active","Central","Domestic Violence (secondary only)","230047505"
"2023-01-20 00:00:00","2023-01-20 21:07:00","Nob Hill","Other Miscellaneous","Other Miscellaneous","Open or Active","Central","Investigative Detention","230047505"
"2023-01-20 00:00:00","2023-01-20 21:15:00","Mission","Larceny Theft","Larceny Theft","Open or Active","Mission","Theft, From Locked Vehicle, >$950","230047511"
"2023-01-20 00:00:00","2023-01-20 22:00:00","Haight Ashbury","Malicious Mischief","Malicious Mischief","Open or Active","Park","Malicious Mischief, Vandalism to Vehicle","230048735"
"2023-01-20 00:00:00","2023-01-20 22:00:00","Mission","Other","Other","Open or Active","Mission","Death Report, Cause Unknown","230048127"
"2023-01-20 00:00:00","2023-01-20 22:00:00","Bayview Hunters Point","Malicious Mischief","Malicious Mischief","Open or Active","Bayview","Malicious Mischief, Vandalism to Vehicle","230048810"
"2023-01-20 00:00:00","2023-01-20 22:00:00","Haight Ashbury","Vandalism","Vandalism","Open or Active","Park","Vehicle, Tampering","230048735"
"2023-01-20 00:00:00","2023-01-20 22:00:00","Outer Richmond","Motor Vehicle Theft","Motor Vehicle Theft","Open or Active","Richmond","Vehicle, Stolen, Auto","230048218"
"2023-01-20 00:00:00","2023-01-20 22:04:00","Outer Mission","Assault","Assault","Open or Active","Ingleside","Battery","230047555"
"2023-01-20 00:00:00","2023-01-20 22:15:00","South of Market","Other Miscellaneous","Other Miscellaneous","Cite or Arrest Adult","Southern","Driving, License Suspended or Revoked","230047577"
"2023-01-20 00:00:00","2023-01-20 22:15:00","South of Market","Traffic Violation Arrest","Traffic Violation Arrest","Cite or Arrest Adult","Southern","Traffic Violation Arrest","230047577"
"2023-01-20 00:00:00","2023-01-20 22:20:00","Excelsior","Robbery","Robbery","Open or Active","Ingleside","Carjacking with Bodily Force","230040189"
"2023-01-20 00:00:00","2023-01-20 22:20:00","Excelsior","Motor Vehicle Theft","Motor Vehicle Theft","Open or Active","Ingleside","Vehicle, Stolen, Auto","230040189"
"2023-01-20 00:00:00","2023-01-20 22:30:00","Nob Hill","Non-Criminal","Non-Criminal","Open or Active","Central","Mental Health Detention","230047599"
"2023-01-20 00:00:00","2023-01-20 22:30:00","Sunset/Parkside","Other Miscellaneous","Other Miscellaneous","Open or Active","Taraval","Trespassing","230047583"
"2023-01-20 00:00:00","2023-01-20 22:58:00","Mission","Miscellaneous Investigation","Miscellaneous Investigation","Open or Active","Mission","Miscellaneous Investigation","230047721"
"2023-01-20 00:00:00","2023-01-20 23:00:00","Bayview Hunters Point","Malicious Mischief","Malicious Mischief","Open or Active","Bayview","Malicious Mischief, Vandalism to Vehicle","230049200"
"2023-01-20 00:00:00","2023-01-20 23:18:00","Bayview Hunters Point","Offences Against The Family And Children","Offences Against The Family And Children","Cite or Arrest Adult","Bayview","Domestic Violence (secondary only)","230047630"
"2023-01-20 00:00:00","2023-01-20 23:18:00","Bayview Hunters Point","Malicious Mischief","Malicious Mischief","Cite or Arrest Adult","Bayview","Malicious Mischief, Vandalism to Vehicle","230047630"
"2023-01-20 00:00:00","2023-01-20 23:21:00","South of Market","Assault","Assault","Open or Active","Tenderloin","Assault, Aggravated, W/ Knife","230047618"
"2023-01-20 00:00:00","2023-01-20 23:22:00","Nob Hill","Other Miscellaneous","Other Miscellaneous","Cite or Arrest Adult","Central","Resisting, Delaying, or Obstructing  Peace Officer Duties","230047646"
"2023-01-20 00:00:00","2023-01-20 23:22:00","Nob Hill","Other Miscellaneous","Other Miscellaneous","Cite or Arrest Adult","Central","Trespassing","230047646"
"2023-01-20 00:00:00","2023-01-20 23:22:00","Nob Hill","Other Miscellaneous","Other Miscellaneous","Cite or Arrest Adult","Central","Identification To Peace Officer, False","230047646"
"2023-01-20 00:00:00","2023-01-20 23:50:00","South of Market","Other Miscellaneous","Other Miscellaneous","Open or Active","Southern","Investigative Detention","230047668"
"2023-01-21 00:00:00","2023-01-21 00:00:00","South of Market","Larceny Theft","Larceny Theft","Open or Active","Tenderloin","Theft, Bicycle, <$50, serial number known","230047709"
"2023-01-21 00:00:00","2023-01-21 00:00:00","Outer Richmond","Malicious Mischief","Malicious Mischief","Open or Active","Richmond","Malicious Mischief, Vandalism to Property","230047812"
"2023-01-21 00:00:00","2023-01-21 00:05:00","South of Market","Other Miscellaneous","Other Miscellaneous","Cite or Arrest Adult","Southern","Driving While Under The Influence Of Alcohol","230047765"
"2023-01-21 00:00:00","2023-01-21 00:07:00","South of Market","Traffic Violation Arrest","Traffic Violation Arrest","Cite or Arrest Adult","Tenderloin","Traffic Violation Arrest","230047674"
"2023-01-21 00:00:00","2023-01-21 00:22:00","Inner Richmond","Disorderly Conduct","Disorderly Conduct","Cite or Arrest Adult","Richmond","Alcohol, Under Influence Of In Public Place","230047743"
"2023-01-21 00:00:00","2023-01-21 00:22:00","Inner Richmond","Malicious Mischief","Malicious Mischief","Cite or Arrest Adult","Richmond","Malicious Mischief, Vandalism to Property","230047743"
"2023-01-21 00:00:00","2023-01-21 00:23:00","South of Market","Warrant","Warrant","Cite or Arrest Adult","Southern","Warrant Arrest, Local SF Warrant","230047715"
"2023-01-21 00:00:00","2023-01-21 00:54:00","Hayes Valley","Larceny Theft","Larceny Theft","Open or Active","Northern","Theft, From Locked Vehicle, $200-$950","230047793"
"2023-01-21 00:00:00","2023-01-21 00:56:00","Bayview Hunters Point","Assault","Assault","Open or Active","Bayview","Firearm, Discharging in Grossly Negligent Manner","230047771"
"2023-01-21 00:00:00","2023-01-21 01:51:00","Mission","Other Miscellaneous","Other Miscellaneous","Cite or Arrest Adult","Southern","Driving, License Suspended or Revoked","230047834"
"2023-01-21 00:00:00","2023-01-21 01:51:00","Mission","Traffic Violation Arrest","Traffic Violation Arrest","Cite or Arrest Adult","Southern","Traffic Violation Arrest","230047834"
"2023-01-21 00:00:00","2023-01-21 02:00:00","Tenderloin","Suspicious Occ","Suspicious Occ","Open or Active","Central","Suspicious Occurrence","230049733"
"2023-01-21 00:00:00","2023-01-21 02:00:00","Tenderloin","Larceny Theft","Larceny Theft","Open or Active","Central","Theft, From Person, $200-$950 (other than Pickpocket)","230049733"
"2023-01-21 00:00:00","2023-01-21 02:14:00","Tenderloin","Non-Criminal","Non-Criminal","Open or Active","Central","Mental Health Detention","230047862"
"2023-01-21 00:00:00","2023-01-21 02:25:00","Mission","Assault","Assault","Open or Active","Mission","Shooting into Inhabited Dwelling or Occupied Vehicle","230047856"
"2023-01-21 00:00:00","2023-01-21 02:30:00","Russian Hill","Assault","Assault","Open or Active","Northern","Battery","230047903"
"2023-01-21 00:00:00","2023-01-21 02:33:00","Pacific Heights","Traffic Violation Arrest","Traffic Violation Arrest","Cite or Arrest Adult","Northern","Traffic Violation Arrest","230047890"
"2023-01-21 00:00:00","2023-01-21 02:33:00","Pacific Heights","Traffic Collision","Traffic Collision","Cite or Arrest Adult","Northern","Traffic Collision","230047890"
"2023-01-21 00:00:00","2023-01-21 02:33:00","Pacific Heights","Other Miscellaneous","Other Miscellaneous","Cite or Arrest Adult","Northern","Driving While Under The Influence Of Alcohol, w/Injury","230047890"
"2023-01-21 00:00:00","2023-01-21 02:51:00","Bernal Heights","Recovered Vehicle","Recovered Vehicle","Open or Active","Ingleside","Vehicle, Recovered, Auto","220769800"
"2023-01-21 00:00:00","2023-01-21 02:54:00","Excelsior","Other Offenses","Other Offenses","Open or Active","Ingleside","License Plate, Found","230047919"
"2023-01-21 00:00:00","2023-01-21 03:27:00","Bayview Hunters Point","Burglary","Burglary","Open or Active","Bayview","Burglary, Warehouse, Att. Forcible Entry","230047947"
"2023-01-21 00:00:00","2023-01-21 03:28:00","Mission","Weapons Offense","Weapons Offense","Open or Active","Mission","Firearm, Discharging Within City Limits","230047925"
"2023-01-21 00:00:00","2023-01-21 03:43:00","Portola","Other Offenses","Other Offenses","Open or Active","Bayview","License Plate, Found","230047953"
"2023-01-21 00:00:00","2023-01-21 04:03:00","Tenderloin","Non-Criminal","Non-Criminal","Open or Active","Tenderloin","Aided Case","230047997"
"2023-01-21 00:00:00","2023-01-21 05:50:00","Excelsior","Motor Vehicle Theft","Motor Vehicle Theft","Open or Active","Ingleside","Vehicle, Stolen, Auto","230048525"
"2023-01-21 00:00:00","2023-01-21 05:54:00","Tenderloin","Non-Criminal","Non-Criminal","Open or Active","Tenderloin","Aided Case","230047997"
"2023-01-21 00:00:00","2023-01-21 06:10:00","Potrero Hill","Larceny Theft","Larceny Theft","Open or Active","Bayview","Theft, Vehicle Strip, >$950","230048042"
"2023-01-21 00:00:00","2023-01-21 06:15:00","Financial District/South Beach","Larceny Theft","Larceny Theft","Open or Active","Southern","Theft, From Locked Vehicle, $200-$950","230048547"
"2023-01-21 00:00:00","2023-01-21 06:35:00","Visitacion Valley","Other Miscellaneous","Other Miscellaneous","Open or Active","Ingleside","Investigative Detention","230048070"
"2023-01-21 00:00:00","2023-01-21 06:55:00","Portola","Offences Against The Family And Children","Offences Against The Family And Children","Open or Active","Bayview","Domestic Violence (secondary only)","230048064"
"2023-01-21 00:00:00","2023-01-21 06:55:00","Portola","Offences Against The Family And Children","Offences Against The Family And Children","Open or Active","Bayview","Violation of Restraining Order","230048064"
"2023-01-21 00:00:00","2023-01-21 07:00:00","North Beach","Assault","Assault","Open or Active","Central","Assault, Non-Aggravated","230048092"
"2023-01-21 00:00:00","2023-01-21 07:30:00","Sunset/Parkside","Malicious Mischief","Malicious Mischief","Cite or Arrest Adult","Taraval","Malicious Mischief, Vandalism to Property","230048149"
"2023-01-21 00:00:00","2023-01-21 08:00:00","Bayview Hunters Point","Motor Vehicle Theft","Motor Vehicle Theft","Open or Active","Bayview","Vehicle, Stolen, Truck","230048951"
"2023-01-21 00:00:00","2023-01-21 08:02:00","South of Market","Non-Criminal","Non-Criminal","Open or Active","Southern","Mental Health Detention","230048202"
"2023-01-21 00:00:00","2023-01-21 08:45:00","South of Market","Case Closure","Case Closure","Exceptional Adult","Southern","Case Closure","220645103"
"2023-01-21 00:00:00","2023-01-21 08:45:00","South of Market","Miscellaneous Investigation","Miscellaneous Investigation","Exceptional Adult","Southern","Miscellaneous Investigation","220645103"
"2023-01-21 00:00:00","2023-01-21 09:00:00","Castro/Upper Market","Larceny Theft","Larceny Theft","Open or Active","Mission","Theft, Other Property, $200-$950","230048967"
"2023-01-21 00:00:00","2023-01-21 09:12:00","Mission","Traffic Violation Arrest","Traffic Violation Arrest","Cite or Arrest Adult","Mission","Traffic Violation Arrest","230048161"
"2023-01-21 00:00:00","2023-01-21 09:12:00","Mission","Warrant","Warrant","Cite or Arrest Adult","Mission","Warrant Arrest, Enroute To Outside Jurisdiction","230048161"
"2023-01-21 00:00:00","2023-01-21 09:30:00","Bayview Hunters Point","Larceny Theft","Larceny Theft","Open or Active","Central","Theft, From Locked Vehicle, >$950","230048741"
"2023-01-21 00:00:00","2023-01-21 09:31:00","Sunset/Parkside","Warrant","Warrant","Cite or Arrest Adult","Taraval","Warrant Arrest, Enroute To Outside Jurisdiction","230048252"
"2023-01-21 00:00:00","2023-01-21 09:31:00","Sunset/Parkside","Robbery","Robbery","Cite or Arrest Adult","Taraval","Carjacking with Bodily Force","230048252"
"2023-01-21 00:00:00","2023-01-21 09:31:00","Sunset/Parkside","Other Miscellaneous","Other Miscellaneous","Cite or Arrest Adult","Taraval","Resisting, Delaying, or Obstructing  Peace Officer Duties","230048252"
"2023-01-21 00:00:00","2023-01-21 09:31:00","Sunset/Parkside","Robbery","Robbery","Cite or Arrest Adult","Taraval","Carjacking with Bodily Force","230048252"
"2023-01-21 00:00:00","2023-01-21 09:35:00","Tenderloin","Assault","Assault","Open or Active","Tenderloin","Assault, Aggravated, W/ Knife","230048246"
"2023-01-21 00:00:00","2023-01-21 09:35:00","Financial District/South Beach","Robbery","Robbery","Open or Active","Central","Shoplifting, Force against Agent","230048296"
"2023-01-21 00:00:00","2023-01-21 09:41:00","South of Market","Other Miscellaneous","Other Miscellaneous","Cite or Arrest Adult","Tenderloin","Driving, No License Issued","230048268"
"2023-01-21 00:00:00","2023-01-21 09:45:00","Outer Richmond","Motor Vehicle Theft","Motor Vehicle Theft","Open or Active","Richmond","Vehicle, Stolen, Auto","230048945"
"2023-01-21 00:00:00","2023-01-21 10:00:00","Russian Hill","Assault","Assault","Open or Active","Northern","Assault, Aggravated, W/ Other Weapon","230048406"
"2023-01-21 00:00:00","2023-01-21 10:03:00","Castro/Upper Market","Drug Offense","Drug Offense","Cite or Arrest Adult","Mission","Narcotics Paraphernalia, Possession of","230048519"
"2023-01-21 00:00:00","2023-01-21 10:03:00","Castro/Upper Market","Drug Offense","Drug Offense","Cite or Arrest Adult","Mission","Methamphetamine, Possession For Sale","230048519"
"2023-01-21 00:00:00","2023-01-21 10:03:00","Castro/Upper Market","Warrant","Warrant","Cite or Arrest Adult","Mission","Warrant Arrest, Enroute To Outside Jurisdiction","230048519"
"2023-01-21 00:00:00","2023-01-21 10:10:00","Tenderloin","Disorderly Conduct","Disorderly Conduct","Open or Active","Tenderloin","Terrorist Threats","230048337"
"2023-01-21 00:00:00","2023-01-21 10:16:00","Tenderloin","Non-Criminal","Non-Criminal","Open or Active","Tenderloin","Firearm, Turned In by Public","230048359"
"2023-01-21 00:00:00","2023-01-21 10:16:00","Tenderloin","Warrant","Warrant","Open or Active","Tenderloin","Warrant Arrest, Local SF Warrant","230048359"
"2023-01-21 00:00:00","2023-01-21 10:42:00","Tenderloin","Warrant","Warrant","Cite or Arrest Adult","Central","Warrant Arrest, Enroute To Outside Jurisdiction","230048456"
"2023-01-21 00:00:00","2023-01-21 10:42:00","Tenderloin","Assault","Assault","Cite or Arrest Adult","Central","Assault, Aggravated, W/ Force","230048456"
"2023-01-21 00:00:00","2023-01-21 10:42:00","Tenderloin","Robbery","Robbery","Cite or Arrest Adult","Central","Robbery, Comml. Establ., W/ Force","230048456"
"2023-01-21 00:00:00","2023-01-21 10:45:00","Marina","Robbery","Robbery","Open or Active","Northern","Shoplifting, Force against Agent","230048478"
"2023-01-21 00:00:00","2023-01-21 10:50:00","Lone Mountain/USF","Motor Vehicle Theft","Motor Vehicle Theft","Open or Active","Park","Vehicle, Stolen & Recovered","230048581"
"2023-01-21 00:00:00","2023-01-21 11:00:00","Marina","Larceny Theft","Larceny Theft","Open or Active","Northern","Theft, From Locked Vehicle, $200-$950","230049125"
"2023-01-21 00:00:00","2023-01-21 11:07:00","Portola","Warrant","Warrant","Cite or Arrest Adult","Bayview","Warrant Arrest, Local SF Warrant","220874346"
"2023-01-21 00:00:00","2023-01-21 11:46:00","Mission","Recovered Vehicle","Recovered Vehicle","Open or Active","Mission","Vehicle, Recovered, Auto","230039994"
"2023-01-21 00:00:00","2023-01-21 12:30:00","North Beach","Disorderly Conduct","Disorderly Conduct","Open or Active","Central","Public Nuisance, Committing","230048995"
"2023-01-21 00:00:00","2023-01-21 12:30:00","Tenderloin","Non-Criminal","Non-Criminal","Open or Active","Tenderloin","Found  Property","230048644"
"2023-01-21 00:00:00","2023-01-21 12:30:00","North Beach","Non-Criminal","Non-Criminal","Open or Active","Central","Aided Case","230048995"
"2023-01-21 00:00:00","2023-01-21 12:50:00","Bayview Hunters Point","Motor Vehicle Theft","Motor Vehicle Theft","Open or Active","Bayview","Vehicle, Stolen, Auto","230048713"
"2023-01-21 00:00:00","2023-01-21 12:51:00","Visitacion Valley","Recovered Vehicle","Recovered Vehicle","Open or Active","Ingleside","Vehicle, Recovered, Auto","230040264"
"2023-01-21 00:00:00","2023-01-21 13:08:00","Haight Ashbury","Larceny Theft","Larceny Theft","Open or Active","Park","Theft of Computers or Cell Phones","230048707"
"2023-01-21 00:00:00","2023-01-21 13:27:00","Visitacion Valley","Warrant","Warrant","Cite or Arrest Adult","Ingleside","Warrant Arrest, Local SF Warrant","230048854"
"2023-01-21 00:00:00","2023-01-21 13:27:00","Visitacion Valley","Warrant","Warrant","Cite or Arrest Adult","Ingleside","Warrant Arrest, Enroute To Outside Jurisdiction","230048854"
"2023-01-21 00:00:00","2023-01-21 13:41:00","Tenderloin","Assault","Assault","Open or Active","Tenderloin","Assault, Aggravated, W/ Force","230048860"
"2023-01-21 00:00:00","2023-01-21 13:50:00","Hayes Valley","Larceny Theft","Larceny Theft","Open or Active","Northern","Theft, From Person, $200-$950 (other than Pickpocket)","230048882"
"2023-01-21 00:00:00","2023-01-21 14:07:00","Castro/Upper Market","Other","Other","Open or Active","Park","Death Report, Cause Unknown","230048989"
"2023-01-21 00:00:00","2023-01-21 14:10:00","Financial District/South Beach","Larceny Theft","Larceny Theft","Cite or Arrest Adult","Central","Theft, Shoplifting, >$950","230048939"
"2023-01-21 00:00:00","2023-01-21 14:30:00","Mission","Disorderly Conduct","Disorderly Conduct","Open or Active","Mission","Disturbing The Peace, Commotion","230049664"
"2023-01-21 00:00:00","2023-01-21 14:30:00","Japantown","Burglary","Burglary","Open or Active","Northern","Burglary, Hot Prowl, Unlawful Entry","230049103"
"2023-01-21 00:00:00","2023-01-21 14:30:00","Mission","Malicious Mischief","Malicious Mischief","Open or Active","Mission","Malicious Mischief, Vandalism to Property","230049664"
"2023-01-21 00:00:00","2023-01-21 14:30:00","Japantown","Robbery","Robbery","Open or Active","Northern","Robbery, W/ Force","230049103"
"2023-01-21 00:00:00","2023-01-21 14:30:00","Mission","Disorderly Conduct","Disorderly Conduct","Open or Active","Mission","Terrorist Threats","230049664"
"2023-01-21 00:00:00","2023-01-21 14:30:00","Marina","Larceny Theft","Larceny Theft","Open or Active","Northern","Theft, From Locked Vehicle, >$950","230049404"
"2023-01-21 00:00:00","2023-01-21 14:39:00","Mission","Recovered Vehicle","Recovered Vehicle","Open or Active","Ingleside","Vehicle, Recovered, Auto","230031633"
"2023-01-21 00:00:00","2023-01-21 14:51:00","Outer Mission","Other Miscellaneous","Other Miscellaneous","Open or Active","Ingleside","Investigative Detention","230049084"
"2023-01-21 00:00:00","2023-01-21 15:00:00","Golden Gate Park","Larceny Theft","Larceny Theft","Open or Active","Park","Theft, From Locked Vehicle, >$950","230049335"
"2023-01-21 00:00:00","2023-01-21 15:00:00","Chinatown","Larceny Theft","Larceny Theft","Open or Active","Central","Theft, Lost Property, Petty","230049056"
"2023-01-21 00:00:00","2023-01-21 15:02:00","Excelsior","Missing Person","Missing Person","Open or Active","Ingleside","Found Person","230049147"
"2023-01-21 00:00:00","2023-01-21 15:30:00","South of Market","Warrant","Warrant","Cite or Arrest Adult","Tenderloin","Warrant Arrest, Enroute To Outside Jurisdiction","230049250"
"2023-01-21 00:00:00","2023-01-21 15:30:00","South of Market","Other Miscellaneous","Other Miscellaneous","Cite or Arrest Adult","Tenderloin","Trespassing","230049250"
"2023-01-21 00:00:00","2023-01-21 15:44:00","Mission","Malicious Mischief","Malicious Mischief","Cite or Arrest Adult","Mission","Malicious Mischief, Vandalism to Vehicle","220760319"
"2023-01-21 00:00:00","2023-01-21 16:00:00","Russian Hill","Larceny Theft","Larceny Theft","Open or Active","Central","Theft, From Locked Vehicle, $200-$950","230049222"
"2023-01-21 00:00:00","2023-01-21 16:14:00","Bayview Hunters Point","Other Miscellaneous","Other Miscellaneous","Cite or Arrest Adult","Bayview","Resisting, Delaying, or Obstructing  Peace Officer Duties","230049266"
"2023-01-21 00:00:00","2023-01-21 16:14:00","Bayview Hunters Point","Offences Against The Family And Children","Offences Against The Family And Children","Cite or Arrest Adult","Bayview","Violation of Restraining Order","230049266"
"2023-01-21 00:00:00","2023-01-21 16:19:00","Hayes Valley","Larceny Theft","Larceny Theft","Open or Active","Northern","Theft, From Locked Vehicle, $200-$950","230049313"
"2023-01-21 00:00:00","2023-01-21 16:30:00","Financial District/South Beach","Assault","Assault","Open or Active","Tenderloin","Battery","230049307"
"2023-01-21 00:00:00","2023-01-21 16:30:00","Bayview Hunters Point","Recovered Vehicle","Recovered Vehicle","Open or Active","Bayview","Vehicle, Recovered, Auto","230031354"
"2023-01-21 00:00:00","2023-01-21 16:30:00","Inner Richmond","Non-Criminal","Non-Criminal","Open or Active","Richmond","Found  Property","230049802"
"2023-01-21 00:00:00","2023-01-21 16:40:00","Western Addition","Motor Vehicle Theft","Motor Vehicle Theft","Open or Active","Northern","Vehicle, Recovered, Stolen outside SF","230049272"
"2023-01-21 00:00:00","2023-01-21 16:40:00","Visitacion Valley","Non-Criminal","Non-Criminal","Open or Active","Ingleside","Mental Health Detention","230049294"
"2023-01-21 00:00:00","2023-01-21 17:00:00","Mission Bay","Larceny Theft","Larceny Theft","Open or Active","Southern","Theft, From Locked Vehicle, >$950","230049761"
"2023-01-21 00:00:00","2023-01-21 17:00:00","Haight Ashbury","Larceny Theft","Larceny Theft","Open or Active","Park","License Plate, Stolen","230049501"
"2023-01-21 00:00:00","2023-01-21 17:05:00","Tenderloin","Assault","Assault","Open or Active","Tenderloin","Battery","230049357"
"2023-01-21 00:00:00","2023-01-21 17:30:00","Outer Richmond","Larceny Theft","Larceny Theft","Open or Active","Richmond","Theft, From Locked Vehicle, >$950","230049777"
"2023-01-21 00:00:00","2023-01-21 17:32:00","Mission","Traffic Violation Arrest","Traffic Violation Arrest","Cite or Arrest Adult","Mission","Traffic Violation Arrest","230049482"
"2023-01-21 00:00:00","2023-01-21 17:32:00","Mission","Other Miscellaneous","Other Miscellaneous","Cite or Arrest Adult","Mission","Driving, No License Issued","230049482"
"2023-01-21 00:00:00","2023-01-21 17:45:00","North Beach","Recovered Vehicle","Recovered Vehicle","Open or Active","Central","Vehicle, Recovered, Auto","230043224"
"2023-01-21 00:00:00","2023-01-21 17:45:00","South of Market","Robbery","Robbery","Open or Active","Tenderloin","Robbery, Street or Public Place, W/ Force","230049476"
"2023-01-21 00:00:00","2023-01-21 18:00:00","Russian Hill","Larceny Theft","Larceny Theft","Open or Active","Central","Theft, From Locked Vehicle, >$950","230049830"
"2023-01-21 00:00:00","2023-01-21 18:00:00","Bernal Heights","Other Offenses","Other Offenses","Open or Active","Ingleside","License Plate, Recovered","230049824"
"2023-01-21 00:00:00","2023-01-21 18:20:00","Treasure Island","Robbery","Robbery","Open or Active","Southern","Robbery, Street or Public Place, W/ Gun","230049567"
"2023-01-21 00:00:00","2023-01-21 18:23:00","Financial District/South Beach","Larceny Theft","Larceny Theft","Open or Active","Central","Theft, Lost Property, Grand","230049517"
"2023-01-21 00:00:00","2023-01-21 18:24:00","Bayview Hunters Point","Non-Criminal","Non-Criminal","Open or Active","Bayview","Aided Case","230049589"
"2023-01-21 00:00:00","2023-01-21 19:00:00","Bayview Hunters Point","Non-Criminal","Non-Criminal","Open or Active","Bayview","Dog, Bite or Attack","230049636"
"2023-01-21 00:00:00","2023-01-21 19:10:00","Tenderloin","Assault","Assault","Open or Active","Northern","Assault, Aggravated, W/ Other Weapon","230049620"
"2023-01-21 00:00:00","2023-01-21 19:13:00","Tenderloin","Other Miscellaneous","Other Miscellaneous","Open or Active","Tenderloin","Trespassing","230049670"
"2023-01-21 00:00:00","2023-01-21 19:13:00","Tenderloin","Assault","Assault","Open or Active","Tenderloin","Battery","230049670"
"2023-01-21 00:00:00","2023-01-21 19:58:00","Bayview Hunters Point","Non-Criminal","Non-Criminal","Open or Active","Bayview","Mental Health Detention","230049783"
"2023-01-21 00:00:00","2023-01-21 20:01:00","Hayes Valley","Assault","Assault","Cite or Arrest Adult","Northern","Battery","230049755"
"2023-01-21 00:00:00","2023-01-21 20:01:00","Hayes Valley","Other Miscellaneous","Other Miscellaneous","Cite or Arrest Adult","Northern","Trespassing","230049755"
"2023-01-21 00:00:00","2023-01-21 20:01:00","Hayes Valley","Disorderly Conduct","Disorderly Conduct","Cite or Arrest Adult","Northern","Alcohol, Under Influence Of In Public Place","230049755"
"2023-01-21 00:00:00","2023-01-21 20:29:00","Portola","Robbery","Robbery","Open or Active","Bayview","Robbery, Street or Public Place, W/ Force","230049799"
"2023-01-21 00:00:00","2023-01-21 20:39:00","Mission Bay","Non-Criminal","Non-Criminal","Open or Active","Southern","Mental Health Detention","230049846"
"2023-01-21 00:00:00","2023-01-21 21:00:00","Mission","Motor Vehicle Theft","Motor Vehicle Theft","Open or Active","Mission","Vehicle, Stolen, Auto","230049874"
